epoch,train_loss,train_accuracy,val_loss,val_accuracy
1,1.845,0.302,1.752,0.364
2,1.584,0.413,1.523,0.453
3,1.458,0.472,1.59,0.447
4,1.37,0.503,1.389,0.504
5,1.317,0.524,1.42,0.497
6,1.271,0.54,1.419,0.497
7,1.229,0.559,1.379,0.515
8,1.189,0.573,1.397,0.52
9,1.16,0.584,1.252,0.563
10,1.132,0.595,1.244,0.561
11,1.1,0.609,1.265,0.561
12,1.075,0.618,1.356,0.543
13,1.058,0.623,1.298,0.551
14,1.032,0.63,1.202,0.596
15,1.01,0.641,1.328,0.557
16,0.99,0.646,1.144,0.605
17,0.968,0.654,1.138,0.611
18,0.951,0.662,1.117,0.614
19,0.931,0.67,1.144,0.608
20,0.917,0.673,1.109,0.618
21,0.902,0.678,1.064,0.633
22,0.88,0.689,1.138,0.614
23,0.871,0.692,1.185,0.617
24,0.853,0.697,1.178,0.624
25,0.846,0.7,1.098,0.631
26,0.823,0.708,1.036,0.654
27,0.813,0.712,1.15,0.625
28,0.804,0.715,1.04,0.646
29,0.786,0.724,1.08,0.646
30,0.779,0.724,1.023,0.66
